Rk,Player,TOV%,USG%,OWS,DWS,WS,WS/48,OBPM,DBPM,BPM,VORP
1,Steven Adams\adamsst01,14.1,17.2,3.7,2.5,6.2,.190,2.1,1.1,3.2,2.0
2,Bam Adebayo\adebaba01,17.5,20.8,4.6,3.6,8.1,.175,1.6,2.1,3.6,3.2
3,LaMarcus Aldridge\aldrila01,7.8,23.6,3.1,1.4,4.4,.122,1.8,-0.5,1.3,1.5
4,Nickeil Alexander-Walker\alexani01,14.3,22.8,-0.7,0.4,-0.4,-0.034,-3.5,-1.4,-4.9,-0.4
5,Grayson Allen\allengr01,10.7,17.9,0.5,0.3,0.7,.070,-1.0,-1.5,-2.6,-0.1
6,Jarrett Allen\allenja01,12.2,15.0,4.3,2.8,7.1,.207,1.0,1.1,2.1,1.7
7,Kadeem Allen\allenka01,14.1,20.6,0.1,0.1,0.1,.053,0.0,-0.6,-0.6,0.0
8,Al-Farouq Aminu\aminual01,14.7,13.2,-0.4,0.5,0.1,.016,-4.5,1.4,-3.1,-0.1
9,Justin Anderson\anderju01,0.0,16.9,-0.1,0.0,-0.1,-0.167,-12.8,-2.3,-15.1,-0.1
10,Kyle Anderson\anderky01,15.1,13.3,0.9,1.4,2.2,.095,-1.3,1.9,0.6,0.7
11,Ryan Anderson\anderry01,12.5,23.6,0.0,0.0,0.0,-0.031,-4.1,0.7,-3.4,0.0
12,Giannis Antetokounmpo\antetgi01,13.1,37.4,5.6,4.8,10.4,.282,7.4,4.1,11.5,6.0
13,Kostas Antetokounmpo\antetko01,,0.0,0.0,0.0,0.0,.136,1.2,3.1,4.3,0.0
14,Thanasis Antetokounmpo\antetth01,20.5,23.8,0.0,0.2,0.2,.083,-4.0,1.7,-2.3,0.0
15,Carmelo Anthony\anthoca01,10.5,21.6,0.1,0.9,1.0,.029,-1.9,-1.8,-3.7,-0.7
16,OG Anunoby\anunoog01,11.7,14.4,1.8,3.3,5.1,.130,-0.9,1.8,0.9,1.4
17,Ryan Arcidiacono\arcidry01,13.5,12.5,0.7,0.7,1.4,.070,-2.7,-0.1,-2.8,-0.2
18,Trevor Ariza\arizatr01,13.6,11.9,1.3,1.3,2.6,.084,-1.5,0.9,-0.5,0.6
18,Trevor Ariza\arizatr01,13.7,11.3,0.3,0.8,1.1,.069,-1.9,1.3,-0.6,0.3
18,Trevor Ariza\arizatr01,13.5,12.6,1.0,0.5,1.5,.101,-1.0,0.5,-0.5,0.3
19,D.J. Augustin\augusdj01,12.9,19.1,1.8,0.8,2.6,.101,-0.3,-1.0,-1.4,0.2
20,Deandre Ayton\aytonde01,12.4,24.3,1.1,1.3,2.4,.117,0.8,-0.4,0.5,0.6
21,Dwayne Bacon\bacondw01,12.2,19.5,-1.2,0.4,-0.8,-0.053,-5.9,-0.9,-6.8,-0.8
22,Marvin Bagley III\baglema01,9.1,25.9,0.0,0.4,0.4,.055,-2.1,-1.3,-3.4,-0.1
23,Lonzo Ball\balllo01,20.7,18.6,0.7,1.9,2.6,.068,0.4,0.6,1.0,1.3
24,Mo Bamba\bambamo01,12.2,17.2,0.9,1.7,2.5,.140,-1.1,1.7,0.5,0.6
25,J.J. Barea\bareajo01,15.8,24.3,0.5,0.2,0.7,.084,1.8,-2.7,-1.0,0.1
26,Harrison Barnes\barneha02,8.9,17.6,3.1,1.1,4.2,.091,0.0,-1.2,-1.2,0.5
27,RJ Barrett\barrerj01,12.9,24.0,-1.6,1.1,-0.5,-0.015,-2.8,-1.5,-4.3,-1.0
28,Will Barton\bartowi01,9.9,20.0,2.4,2.1,4.5,.113,1.2,-0.1,1.2,1.5
29,Keita Bates-Diop\bateske01,5.5,15.6,0.6,0.5,1.1,.081,-0.8,-0.1,-0.8,0.2
29,Keita Bates-Diop\bateske01,5.6,15.8,0.6,0.5,1.0,.076,-0.8,-0.1,-0.9,0.2
29,Keita Bates-Diop\bateske01,0.0,8.6,0.1,0.0,0.1,.218,0.0,0.1,0.0,0.0
30,Nicolas Batum\batumni01,20.5,9.4,0.2,0.4,0.6,.055,-2.7,0.9,-1.9,0.0
31,Aron Baynes\baynear01,10.8,21.1,1.3,0.7,2.0,.103,-0.2,-0.9,-1.1,0.2
32,Kent Bazemore\bazemke01,13.2,17.2,-0.8,1.5,0.7,.020,-3.4,0.4,-3.0,-0.4
32,Kent Bazemore\bazemke01,14.4,16.0,-1.0,0.9,-0.1,-0.005,-3.6,0.4,-3.2,-0.3
32,Kent Bazemore\bazemke01,11.1,19.9,0.2,0.6,0.8,.077,-3.0,0.4,-2.6,-0.1
33,Darius Bazley\bazleda01,13.8,14.1,-0.8,1.2,0.4,.019,-3.1,0.6,-2.5,-0.1
34,Bradley Beal\bealbr01,11.4,34.4,4.6,0.5,5.1,.119,5.3,-2.4,2.9,2.5
35,Malik Beasley\beaslma01,9.2,21.8,0.4,0.9,1.3,.053,-0.7,-1.3,-2.0,0.0
35,Malik Beasley\beaslma01,10.2,20.6,-0.2,0.7,0.6,.037,-2.2,-0.6,-2.8,-0.2
35,Malik Beasley\beaslma01,7.9,23.7,0.6,0.2,0.8,.079,1.8,-2.4,-0.6,0.2
36,Marco Belinelli\belinma01,5.2,17.0,0.4,0.1,0.6,.035,-1.0,-1.9,-2.9,-0.2
37,Jordan Bell\belljo01,20.7,16.4,0.2,0.2,0.4,.070,-1.4,-1.1,-2.5,0.0
37,Jordan Bell\belljo01,19.8,15.9,0.2,0.2,0.4,.072,-1.5,-1.1,-2.5,0.0
37,Jordan Bell\belljo01,27.6,21.5,0.0,0.0,0.0,.046,-0.4,-1.1,-1.5,0.0
38,DeAndre' Bembry\bembrde01,19.4,14.0,-0.5,0.7,0.2,.011,-3.5,1.0,-2.4,-0.1
39,Dragan Bender\bendedr01,17.6,17.7,0.0,0.3,0.3,.053,-3.0,0.1,-2.9,-0.1
39,Dragan Bender\bendedr01,18.3,12.4,0.0,0.2,0.2,.110,-4.3,3.0,-1.3,0.0
39,Dragan Bender\bendedr01,17.4,20.1,0.0,0.1,0.1,.027,-2.4,-1.3,-3.6,-0.1
40,Dāvis Bertāns\bertada01,8.2,19.0,3.0,0.5,3.5,.106,2.7,-1.8,0.9,1.1
41,Patrick Beverley\beverpa01,15.7,13.0,1.4,2.0,3.4,.126,-0.5,2.6,2.1,1.3
42,Khem Birch\birchkh01,13.7,9.3,0.7,0.8,1.5,.092,-3.3,0.3,-3.0,-0.2
43,Goga Bitadze\bitadgo01,14.8,18.1,-0.1,0.7,0.6,.069,-4.0,1.5,-2.5,0.0
44,Bismack Biyombo\biyombi01,12.2,16.8,1.5,0.9,2.4,.113,-1.8,-0.7,-2.5,-0.1
45,Nemanja Bjelica\bjeline01,12.6,17.4,3.0,1.7,4.7,.125,1.2,0.4,1.6,1.7
46,Eric Bledsoe\bledser01,15.8,24.0,2.4,2.9,5.3,.168,1.1,1.1,2.2,1.6
47,Bogdan Bogdanović\bogdabo01,11.5,22.3,1.2,1.1,2.4,.075,0.7,-0.3,0.4,0.9
48,Bojan Bogdanović\bogdabo02,13.1,25.6,2.7,1.6,4.3,.099,1.6,-1.5,0.2,1.1
49,Jonah Bolden\boldejo01,13.6,13.4,-0.1,0.1,0.0,-0.008,-8.8,-0.1,-8.9,-0.1
49,Jonah Bolden\boldejo01,34.0,18.1,-0.1,0.0,0.0,-0.147,-13.9,-0.7,-14.7,0.0
49,Jonah Bolden\boldejo01,0.0,11.4,0.0,0.1,0.0,.051,-6.6,0.1,-6.5,0.0
50,Marques Bolden\boldema01,,0.0,0.0,0.0,0.0,.282,-5.8,11.3,5.5,0.0
51,Jordan Bone\bonejo01,9.1,18.1,-0.1,0.0,-0.1,-0.118,-9.0,-2.9,-11.9,-0.1
52,Isaac Bonga\bongais01,16.2,10.3,1.3,0.4,1.7,.081,-2.4,0.0,-2.4,-0.1
53,Devin Booker\bookede01,15.7,29.5,4.8,1.2,6.0,.129,3.1,-1.4,1.7,2.1
54,Chris Boucher\bouchch01,7.0,19.4,1.7,1.5,3.2,.214,0.4,1.0,1.4,0.6
55,Brian Bowen\bowenbr02,10.0,15.2,-0.1,0.0,-0.1,-0.154,-9.7,-2.1,-11.8,-0.1
56,Ky Bowman\bowmaky01,17.1,17.2,-0.6,0.6,-0.1,-0.003,-4.0,-0.3,-4.3,-0.6
57,Avery Bradley\bradlav01,10.7,15.7,0.2,1.4,1.6,.066,-2.9,0.5,-2.4,-0.1
58,Tony Bradley\bradlto01,11.8,16.1,1.8,0.9,2.7,.242,0.9,0.4,1.3,0.4
59,Jarrell Brantley\brantja01,100.0,6.8,0.0,0.0,0.0,-0.053,-8.6,5.9,-2.7,0.0
60,Ignas Brazdeikis\brazdig01,7.6,21.0,-0.1,0.0,-0.1,-0.109,-5.0,-3.9,-8.9,-0.1
61,Mikal Bridges\bridgmi01,12.5,12.4,2.2,1.9,4.1,.111,-0.7,1.5,0.8,1.3
62,Miles Bridges\bridgmi02,10.5,20.0,0.3,1.3,1.6,.038,-1.5,-1.0,-2.5,-0.3
63,Oshae Brissett\brissos01,14.8,15.0,-0.1,0.2,0.1,.042,-5.7,0.3,-5.4,-0.1
64,Ryan Broekhoff\broekry01,8.8,16.3,0.2,0.2,0.4,.116,0.4,0.4,0.9,0.1
65,Malcolm Brogdon\brogdma01,13.6,25.2,2.0,1.4,3.5,.113,2.2,-0.5,1.7,1.4
66,Dillon Brooks\brookdi01,9.7,25.0,-0.3,1.3,1.0,.025,-2.8,-1.5,-4.3,-1.1
67,Bruce Brown\brownbr01,16.7,16.0,0.8,1.4,2.1,.062,-2.0,0.8,-1.2,0.3
68,Charlie Brown\brownch02,12.4,25.1,0.0,0.0,0.0,-0.028,-1.1,-1.4,-2.5,0.0
69,Jaylen Brown\brownja02,11.8,24.7,2.1,2.3,4.5,.126,1.0,-0.1,0.9,1.2
70,Moses Brown\brownmo01,18.2,21.2,-0.1,0.0,0.0,-0.062,-8.2,-1.7,-9.9,-0.1
71,Sterling Brown\brownst02,13.4,16.7,-0.4,1.3,1.0,.071,-3.1,1.0,-2.0,0.0
72,Troy Brown Jr.\browntr01,10.5,17.0,1.2,0.9,2.2,.069,-0.8,-0.4,-1.3,0.3
73,Jalen Brunson\brunsja01,13.6,20.4,1.6,0.7,2.3,.108,0.1,-0.9,-0.8,0.3
74,Thomas Bryant\bryanth01,12.1,18.3,2.4,0.5,2.9,.153,2.1,-1.2,0.9,0.7
75,Reggie Bullock\bullore01,7.5,15.6,0.2,0.3,0.5,.036,-2.7,-0.3,-3.0,-0.2
76,Trey Burke\burketr01,8.2,19.3,0.6,0.2,0.9,.129,0.7,-1.1,-0.5,0.1
77,Alec Burks\burksal01,9.5,23.8,1.9,1.1,2.9,.088,0.6,-0.7,-0.2,0.7
77,Alec Burks\burksal01,9.8,23.8,1.6,0.8,2.5,.085,0.7,-0.6,0.1,0.7
77,Alec Burks\burksal01,7.4,23.5,0.2,0.2,0.5,.103,-0.2,-1.5,-1.7,0.0
78,Deonte Burton\burtode02,11.3,19.3,-0.6,0.3,-0.3,-0.046,-5.5,-0.4,-5.8,-0.3
79,Jimmy Butler\butleji01,11.2,25.2,6.0,2.5,8.5,.219,4.0,1.3,5.2,3.4
80,Bruno Caboclo\cabocbr01,10.2,16.7,0.0,0.4,0.3,.070,-2.5,1.1,-1.4,0.0
80,Bruno Caboclo\cabocbr01,9.1,16.7,-0.1,0.3,0.2,.051,-3.3,0.8,-2.4,0.0
80,Bruno Caboclo\cabocbr01,18.4,16.0,0.1,0.1,0.1,.200,2.5,3.2,5.7,0.1
81,Kentavious Caldwell-Pope\caldwke01,9.8,14.8,2.0,1.8,3.8,.114,-0.8,0.5,-0.3,0.7
82,Vlatko Čančar\cancavl01,15.2,19.1,0.0,0.0,0.1,.069,-3.5,-1.1,-4.5,0.0
83,Clint Capela\capelca01,12.7,16.0,2.9,2.1,5.0,.186,1.1,0.4,1.5,1.1
84,DeMarre Carroll\carrode01,18.6,15.8,0.0,0.1,0.1,.026,-3.4,-1.1,-4.5,-0.1
84,DeMarre Carroll\carrode01,20.9,15.4,-0.2,0.1,-0.1,-0.038,-6.0,-1.1,-7.1,-0.2
84,DeMarre Carroll\carrode01,15.8,16.4,0.2,0.1,0.2,.116,0.3,-1.1,-0.8,0.0
85,Jevon Carter\carteje01,12.6,13.9,0.3,0.7,1.1,.068,-1.6,1.0,-0.6,0.3
86,Vince Carter\cartevi01,9.4,16.6,-0.6,0.4,-0.2,-0.011,-3.1,-1.2,-4.3,-0.5
87,Wendell Carter Jr.\cartewe01,14.9,16.4,1.7,1.6,3.3,.127,-2.1,-0.3,-2.4,-0.1
88,Michael Carter-Williams\cartemi01,14.6,18.4,0.7,1.1,1.9,.116,-1.3,1.7,0.4,0.5
89,Alex Caruso\carusal01,13.6,13.9,0.6,1.6,2.2,.103,-2.4,2.4,0.1,0.5
90,Willie Cauley-Stein\caulewi01,10.8,14.4,1.5,1.5,3.0,.129,-1.2,1.7,0.5,0.7
90,Willie Cauley-Stein\caulewi01,11.0,14.4,1.0,1.2,2.2,.113,-1.5,1.6,0.1,0.5
90,Willie Cauley-Stein\caulewi01,9.3,14.7,0.5,0.3,0.8,.230,1.0,2.3,3.2,0.2
91,Tyson Chandler\chandty01,25.2,6.0,0.3,0.3,0.6,.130,-2.5,1.1,-1.4,0.0
92,Wilson Chandler\chandwi01,15.0,13.0,-0.1,0.9,0.8,.050,-3.9,1.0,-2.9,-0.2
93,Joe Chealey\chealjo01,20.2,13.2,-0.2,0.0,-0.1,-0.189,-14.3,1.7,-12.6,-0.1
94,Zylan Cheatham\cheatzy01,37.5,10.5,-0.1,0.0,-0.1,-0.080,-10.2,0.1,-10.2,-0.1
95,Chris Chiozza\chiozch01,17.5,16.2,0.1,0.3,0.4,.077,-0.8,1.6,0.8,0.2
95,Chris Chiozza\chiozch01,20.9,14.5,-0.1,0.1,0.0,-0.002,-3.6,2.1,-1.4,0.0
95,Chris Chiozza\chiozch01,14.8,17.9,0.3,0.1,0.4,.154,1.8,1.1,3.0,0.2
96,Marquese Chriss\chrisma01,14.7,19.0,2.1,1.3,3.4,.136,0.1,0.5,0.6,0.8
97,Gary Clark\clarkga01,4.5,10.9,0.5,0.4,0.9,.098,-1.1,-1.1,-2.2,0.0
97,Gary Clark\clarkga01,3.1,12.5,0.4,0.2,0.6,.126,0.4,-0.9,-0.5,0.1
97,Gary Clark\clarkga01,6.5,9.3,0.1,0.2,0.3,.070,-2.7,-1.3,-3.9,-0.1
98,Brandon Clarke\clarkbr01,9.3,19.0,3.1,1.3,4.4,.192,2.8,0.7,3.5,1.5
99,Jordan Clarkson\clarkjo01,9.1,25.5,2.6,0.9,3.5,.110,2.7,-1.1,1.6,1.4
99,Jordan Clarkson\clarkjo01,9.7,25.9,1.4,0.1,1.5,.108,4.1,-1.4,2.7,0.8
99,Jordan Clarkson\clarkjo01,8.7,25.3,1.2,0.8,2.0,.112,1.6,-0.9,0.7,0.6
100,Nicolas Claxton\claxtni01,13.6,14.8,0.3,0.2,0.5,.124,-0.7,0.0,-0.7,0.1
101,Chris Clemons\clemoch01,11.6,24.0,0.1,0.2,0.2,.046,0.4,-1.7,-1.3,0.1
102,Antonius Cleveland\clevean01,12.7,15.3,-0.1,0.0,0.0,-0.074,-8.9,0.7,-8.3,0.0
103,Amir Coffey\coffeam01,8.0,15.8,-0.1,0.1,0.0,.009,-5.7,-1.1,-6.8,-0.1
104,John Collins\collijo01,10.1,22.7,3.8,1.1,4.9,.174,3.7,-0.7,3.1,1.7
105,Zach Collins\colliza01,21.7,13.6,0.1,0.0,0.1,.045,-1.1,-0.7,-1.7,0.0
106,Mike Conley\conlemi01,12.4,23.0,1.0,1.0,2.1,.085,0.4,-0.4,0.0,0.6
107,Pat Connaughton\connapa01,14.5,11.9,0.9,2.1,3.0,.130,-1.1,1.6,0.5,0.7
108,Quinn Cook\cookqu01,12.4,20.8,-0.1,0.4,0.4,.043,-2.3,-1.0,-3.3,-0.1
109,Tyler Cook\cookty01,7.3,16.7,0.2,0.0,0.2,.244,3.0,-0.6,2.4,0.0
110,Robert Covington\covinro01,11.8,17.4,0.9,2.4,3.3,.085,-1.0,1.1,0.1,1.0
110,Robert Covington\covinro01,12.0,17.8,0.5,1.7,2.3,.078,-1.2,1.2,0.0,0.7
110,Robert Covington\covinro01,11.2,16.1,0.3,0.7,1.0,.108,-0.3,0.8,0.5,0.3
111,Allen Crabbe\crabbal01,8.5,12.7,-0.2,0.1,-0.1,-0.007,-3.7,-1.5,-5.3,-0.5
111,Allen Crabbe\crabbal01,7.5,12.7,0.0,0.1,0.1,.008,-3.0,-1.1,-4.1,-0.3
111,Allen Crabbe\crabbal01,12.5,12.5,-0.2,0.0,-0.2,-0.068,-6.6,-3.2,-9.9,-0.3
112,Torrey Craig\craigto01,9.0,12.2,0.8,0.9,1.7,.095,-2.4,0.1,-2.3,-0.1
113,Jae Crowder\crowdja01,9.9,15.6,1.2,2.0,3.2,.090,-0.9,0.3,-0.6,0.6
113,Jae Crowder\crowdja01,10.9,15.6,0.5,1.4,1.9,.068,-1.4,0.1,-1.2,0.3
113,Jae Crowder\crowdja01,6.0,15.8,0.7,0.6,1.3,.168,0.7,1.1,1.8,0.4
114,Jarrett Culver\culveja01,11.5,19.2,-1.2,1.1,-0.1,-0.004,-3.2,-0.8,-4.0,-0.8
115,Seth Curry\curryse01,9.5,18.6,3.4,0.9,4.3,.144,2.0,-0.7,1.4,1.2
116,Stephen Curry\curryst01,14.6,33.6,0.2,0.1,0.3,.104,4.5,-0.6,3.9,0.2
117,Troy Daniels\danietr01,5.1,16.2,0.2,0.4,0.7,.070,-1.2,-1.0,-2.2,0.0
117,Troy Daniels\danietr01,5.2,16.1,0.3,0.4,0.7,.072,-1.1,-1.0,-2.1,0.0
117,Troy Daniels\danietr01,0.0,43.4,0.0,0.0,0.0,-1.036,-38.4,-22.8,-61.2,0.0
118,Anthony Davis\davisan02,10.1,29.7,6.2,4.1,10.3,.262,5.8,2.8,8.5,5.0
119,Ed Davis\davised01,25.1,8.5,-0.1,0.5,0.4,.074,-5.5,1.7,-3.9,-0.1
120,Terence Davis\daviste02,13.6,18.9,1.4,1.6,3.0,.133,0.7,0.6,1.3,0.9
121,Dewayne Dedmon\dedmode01,17.4,18.2,-1.0,1.1,0.1,.006,-5.8,0.0,-5.8,-0.7
121,Dewayne Dedmon\dedmode01,20.4,18.6,-0.8,0.7,-0.1,-0.005,-6.3,-0.1,-6.4,-0.6
121,Dewayne Dedmon\dedmode01,10.3,17.4,-0.2,0.3,0.2,.032,-4.5,0.1,-4.4,-0.1
122,Matthew Dellavedova\dellama01,23.6,13.0,0.1,0.1,0.2,.010,-3.6,-1.6,-5.2,-0.7
123,DeMar DeRozan\derozde01,11.5,26.6,5.1,1.1,6.2,.143,2.1,-0.5,1.6,1.9
124,Cheick Diallo\diallch01,16.4,16.7,0.8,0.5,1.3,.129,-1.1,-0.3,-1.4,0.1
125,Hamidou Diallo\diallha01,13.4,17.4,-0.6,0.8,0.2,.014,-5.0,0.3,-4.8,-0.5
126,Gorgui Dieng\dienggo01,12.7,17.7,1.1,1.6,2.7,.128,0.0,1.8,1.8,0.9
126,Gorgui Dieng\dienggo01,12.7,18.4,1.0,1.1,2.1,.129,0.3,1.5,1.8,0.7
126,Gorgui Dieng\dienggo01,12.6,15.6,0.2,0.4,0.6,.128,-1.2,2.9,1.7,0.2
127,Spencer Dinwiddie\dinwisp01,12.5,29.2,3.4,1.7,5.1,.123,2.6,-0.8,1.7,1.9
128,Donte DiVincenzo\divindo01,12.9,16.9,1.4,3.1,4.5,.158,-0.6,2.7,2.1,1.4
129,Luka Dončić\doncilu01,14.6,37.0,5.8,2.3,8.1,.215,7.3,1.1,8.4,4.7
130,Luguentz Dort\dortlu01,8.0,13.0,0.2,0.5,0.7,.052,-4.3,0.4,-3.9,-0.3
131,Damyean Dotson\dotsoda01,6.5,16.5,0.6,0.3,0.9,.053,-0.9,-0.5,-1.4,0.1
132,Sekou Doumbouya\doumbse01,12.0,16.9,-0.8,0.5,-0.3,-0.020,-5.2,-1.5,-6.7,-0.9
133,PJ Dozier\doziepj01,10.3,19.8,-0.1,0.2,0.1,.019,-4.4,-0.8,-5.2,-0.2
134,Goran Dragić\dragigo01,14.9,25.7,2.0,1.1,3.0,.095,1.4,-1.9,-0.5,0.6
135,Andre Drummond\drumman01,18.2,25.9,0.7,3.6,4.3,.109,-0.1,1.1,1.0,1.4
135,Andre Drummond\drumman01,18.0,25.5,0.7,3.3,4.0,.116,0.0,1.2,1.1,1.3
135,Andre Drummond\drumman01,19.2,28.7,-0.1,0.3,0.3,.054,-0.8,0.4,-0.5,0.1
136,Jared Dudley\dudleja01,10.5,7.7,0.2,0.4,0.7,.103,-2.7,2.0,-0.7,0.1
137,Kris Dunn\dunnkr01,15.7,14.6,0.3,2.0,2.3,.085,-3.7,3.1,-0.6,0.4
138,Carsen Edwards\edwarca01,11.2,18.1,-0.3,0.4,0.1,.012,-4.6,-0.3,-4.9,-0.2
139,Henry Ellenson\ellenhe01,0.0,19.5,-0.1,0.0,-0.1,-0.180,-7.9,-3.1,-11.0,0.0
140,Wayne Ellington\ellinwa01,9.1,15.0,0.2,0.2,0.4,.035,-1.9,-1.0,-2.8,-0.1
141,Joel Embiid\embiijo01,13.4,32.6,3.2,2.4,5.6,.203,4.1,1.2,5.2,2.4
142,James Ennis\ennisja01,11.6,15.2,0.9,1.2,2.1,.096,-2.1,-0.3,-2.5,-0.1
142,James Ennis\ennisja01,10.9,15.8,0.8,0.9,1.8,.109,-1.6,0.0,-1.6,0.1
142,James Ennis\ennisja01,13.7,13.7,0.1,0.3,0.3,.060,-3.7,-1.3,-5.0,-0.2
143,Drew Eubanks\eubandr01,23.3,14.3,0.2,0.1,0.3,.120,-2.6,-1.0,-3.7,-0.1
144,Jacob Evans\evansja02,14.6,17.5,-0.7,0.2,-0.5,-0.056,-5.7,-1.3,-7.0,-0.5
144,Jacob Evans\evansja02,14.6,17.6,-0.6,0.2,-0.5,-0.054,-5.7,-1.3,-7.0,-0.5
144,Jacob Evans\evansja02,0.0,10.3,0.0,0.0,0.0,-0.264,-10.4,-5.6,-16.0,0.0
145,Dante Exum\exumda01,18.4,15.0,0.2,0.2,0.4,.043,-2.5,-0.4,-2.9,-0.1
145,Dante Exum\exumda01,29.5,17.9,-0.2,0.1,-0.1,-0.054,-5.1,-0.5,-5.6,-0.1
145,Dante Exum\exumda01,15.6,14.4,0.4,0.2,0.5,.063,-1.9,-0.4,-2.3,0.0
146,Tacko Fall\fallta01,18.4,29.0,0.0,0.1,0.1,.102,-2.0,3.1,1.0,0.0
147,Derrick Favors\favorde01,13.3,14.4,2.4,1.4,3.8,.168,0.8,0.4,1.2,0.9
148,Cristiano Felício\feliccr01,21.9,9.1,0.7,0.3,1.0,.126,-1.4,-1.6,-3.0,-0.1
149,Terrance Ferguson\fergute01,12.6,9.0,-0.1,0.8,0.7,.027,-4.5,0.3,-4.1,-0.6
150,Bruno Fernando\fernabr01,15.9,15.3,0.4,0.4,0.8,.055,-3.2,-1.0,-4.1,-0.4
151,Yogi Ferrell\ferreyo01,11.9,18.9,0.1,0.3,0.4,.036,-2.1,-0.4,-2.5,-0.1
152,Dorian Finney-Smith\finnedo01,11.2,12.7,2.9,1.6,4.5,.114,0.0,-0.1,-0.2,0.9
153,Bryn Forbes\forbebr01,8.4,18.6,1.2,0.2,1.5,.045,-0.6,-2.1,-2.7,-0.3
154,Evan Fournier\fournev01,11.1,24.2,2.7,1.7,4.4,.110,1.5,-0.3,1.2,1.6
155,De'Aaron Fox\foxde01,14.6,29.6,2.1,1.3,3.5,.117,2.1,-0.3,1.8,1.4
156,Melvin Frazier\frazime01,13.8,18.5,-0.1,0.1,0.0,.003,-6.0,1.5,-4.5,0.0
157,Michael Frazier\frazimi01,12.8,9.8,0.0,0.0,0.0,.016,-7.9,-0.9,-8.8,-0.1
158,Tim Frazier\fraziti01,25.6,17.3,-0.1,0.2,0.1,.016,-2.9,-1.6,-4.5,-0.2
159,Markelle Fultz\fultzma01,15.1,20.7,0.8,1.9,2.7,.071,-1.9,0.2,-1.7,0.1
160,Wenyen Gabriel\gabriwe01,22.6,14.5,0.0,0.2,0.2,.043,-3.9,0.0,-3.9,-0.1
160,Wenyen Gabriel\gabriwe01,18.9,18.9,-0.1,0.1,0.0,-0.027,-4.4,0.5,-3.9,0.0
160,Wenyen Gabriel\gabriwe01,24.8,12.6,0.1,0.1,0.2,.072,-3.7,-0.2,-3.9,-0.1
161,Daniel Gafford\gaffoda01,15.3,13.3,1.1,0.8,1.8,.146,-2.8,1.5,-1.3,0.1
162,Danilo Gallinari\gallida01,7.5,24.4,4.1,1.6,5.7,.163,4.1,-0.9,3.2,2.2
163,Langston Galloway\gallola01,6.5,15.9,2.4,0.7,3.1,.087,0.1,-0.9,-0.8,0.5
164,Darius Garland\garlada01,17.1,20.7,-1.3,0.0,-1.3,-0.035,-2.7,-2.9,-5.6,-1.7
165,Marc Gasol\gasolma01,14.6,12.7,0.9,1.8,2.7,.128,-0.9,2.7,1.8,0.9
166,Rudy Gay\gayru01,12.4,21.3,0.6,0.9,1.5,.054,-0.5,-1.0,-1.5,0.2
167,Paul George\georgpa01,13.0,29.6,1.9,2.0,3.9,.153,3.4,1.1,4.5,2.0
168,Taj Gibson\gibsota01,13.1,14.8,1.8,0.8,2.6,.120,-0.7,-0.4,-1.1,0.2
169,Harry Giles\gilesha01,13.4,19.6,0.7,0.7,1.4,.120,-2.2,1.1,-1.1,0.1
170,Shai Gilgeous-Alexander\gilgesh01,9.8,23.7,2.9,2.6,5.5,.120,1.4,0.2,1.6,2.0
171,Rudy Gobert\goberru01,15.2,16.1,6.0,4.0,10.0,.225,1.8,1.9,3.7,3.1
172,Brandon Goodwin\goodwbr01,12.5,22.4,-0.1,0.2,0.1,.013,-1.5,-1.3,-2.9,-0.1
173,Aaron Gordon\gordoaa01,10.3,20.6,1.2,2.2,3.3,.084,-0.3,0.1,-0.3,0.8
174,Eric Gordon\gordoer01,6.9,22.1,0.2,0.5,0.7,.037,-1.6,-2.0,-3.6,-0.4
175,Devonte' Graham\grahade01,14.5,24.8,2.5,0.9,3.4,.073,2.6,-2.1,0.5,1.4
176,Treveon Graham\grahatr01,9.8,13.1,-0.2,0.4,0.2,.009,-4.5,-1.1,-5.5,-0.8
176,Treveon Graham\grahatr01,9.0,13.1,-0.2,0.3,0.0,.003,-5.0,-0.8,-5.8,-0.6
176,Treveon Graham\grahatr01,11.7,13.3,0.0,0.1,0.1,.022,-3.2,-1.7,-4.9,-0.2
177,Jerami Grant\grantje01,8.0,17.8,2.4,1.7,4.0,.116,-0.1,-0.4,-0.4,0.7
178,Josh Gray\grayjo01,71.4,12.4,-0.1,0.0,-0.1,-0.224,-11.3,-4.7,-16.0,-0.1
179,Danny Green\greenda02,10.8,13.8,1.1,2.4,3.4,.108,-0.8,1.7,0.9,1.1
180,Draymond Green\greendr01,21.8,15.7,-0.2,1.3,1.1,.044,-2.0,1.9,-0.2,0.6
181,JaMychal Green\greenja01,12.3,13.5,0.8,1.8,2.6,.111,-1.4,0.6,-0.8,0.3
182,Javonte Green\greenja02,13.7,13.6,0.3,0.7,1.0,.112,-2.4,1.8,-0.6,0.1
183,Jeff Green\greenje02,10.9,18.9,0.6,0.8,1.4,.089,-0.4,0.0,-0.5,0.3
183,Jeff Green\greenje02,10.8,19.8,0.0,0.6,0.6,.048,-1.8,-0.2,-2.0,0.0
183,Jeff Green\greenje02,11.3,16.3,0.6,0.2,0.8,.201,3.5,0.4,3.9,0.3
184,Blake Griffin\griffbl01,12.0,28.4,-0.4,0.2,-0.1,-0.012,-1.7,-2.6,-4.2,-0.3
185,Marko Guduric\gudurma01,17.9,17.6,-0.2,0.4,0.1,.012,-2.6,-0.8,-3.4,-0.2
186,Kyle Guy\guyky01,0.0,21.8,0.0,0.0,0.0,-0.022,-1.3,-2.8,-4.1,0.0
187,Rui Hachimura\hachiru01,7.5,18.7,1.3,0.4,1.7,.066,-1.1,-1.9,-3.0,-0.3
188,Devon Hall\hallde01,12.9,17.1,0.0,0.0,0.0,-0.064,-6.2,-3.6,-9.7,0.0
189,Donta Hall\halldo01,23.1,7.9,0.0,0.0,0.1,.067,-5.6,-1.4,-7.1,-0.1
190,Dusty Hannahs\hannadu01,0.0,31.6,0.0,0.0,0.0,.146,5.2,-2.1,3.1,0.0
191,Tim Hardaway Jr.\hardati02,6.6,21.7,3.1,1.1,4.2,.111,1.5,-1.2,0.4,1.1
192,James Harden\hardeja01,13.8,36.4,8.7,2.7,11.5,.245,7.9,1.2,9.0,6.3
193,Maurice Harkless\harklma01,14.5,10.7,0.8,1.9,2.7,.090,-2.6,1.9,-0.8,0.5
193,Maurice Harkless\harklma01,16.3,10.3,0.5,1.7,2.3,.096,-2.5,2.4,-0.1,0.6
193,Maurice Harkless\harklma01,8.4,12.4,0.3,0.2,0.4,.069,-3.1,-0.3,-3.5,-0.1
194,Jared Harper\harpeja01,0.0,21.3,0.0,0.0,0.0,-0.253,-10.2,-5.7,-15.8,0.0
195,Montrezl Harrell\harremo01,10.1,25.5,4.5,2.5,7.0,.193,2.4,0.5,2.9,2.2
196,Gary Harris\harriga01,9.7,15.1,0.5,1.7,2.2,.059,-2.8,0.4,-2.4,-0.2
197,Joe Harris\harrijo01,11.1,17.9,2.1,1.7,3.8,.094,0.0,-0.5,-0.5,0.8
198,Tobias Harris\harrito02,7.9,23.6,3.0,2.6,5.6,.120,1.0,-0.4,0.6,1.5
199,Shaquille Harrison\harrish01,9.2,18.1,0.8,0.8,1.5,.153,0.4,2.4,2.8,0.6
200,Josh Hart\hartjo01,11.1,15.3,1.0,1.7,2.7,.083,-1.2,0.6,-0.6,0.6
201,Isaiah Hartenstein\harteis01,16.8,14.8,0.7,0.4,1.1,.191,-0.9,1.3,0.4,0.2
202,Udonis Haslem\hasleud01,0.0,16.3,0.0,0.0,0.0,-0.032,-9.7,-3.0,-12.7,-0.1
203,Jaxson Hayes\hayesja02,11.6,15.1,2.5,1.0,3.5,.176,-0.8,0.8,0.1,0.5
204,Gordon Hayward\haywago01,10.8,20.9,3.1,1.9,5.0,.160,2.6,0.3,2.9,1.8
205,John Henson\hensojo01,15.8,16.3,0.6,0.8,1.4,.109,-1.1,2.1,1.0,0.5
205,John Henson\hensojo01,13.5,16.1,0.4,0.5,0.9,.109,-1.1,2.3,1.1,0.3
205,John Henson\hensojo01,20.9,16.7,0.2,0.2,0.4,.110,-1.1,1.7,0.6,0.1
206,Dewan Hernandez\hernade01,14.5,26.8,0.0,0.0,0.0,.003,-18.3,-3.0,-21.3,-0.1
207,Juan Hernangómez\hernaju01,10.3,15.7,0.2,0.7,1.0,.055,-2.2,-1.1,-3.3,-0.3
207,Juan Hernangómez\hernaju01,12.9,14.3,-0.2,0.4,0.1,.014,-4.0,-1.1,-5.2,-0.3
207,Juan Hernangómez\hernaju01,8.2,17.1,0.5,0.4,0.8,.098,-0.4,-1.0,-1.4,0.1
208,Willy Hernangómez\hernawi01,15.4,22.9,0.4,0.4,0.8,.107,0.6,-0.5,0.1,0.2
209,Tyler Herro\herroty01,11.3,22.0,-0.3,1.1,0.9,.033,-1.0,-1.3,-2.3,-0.1
210,Kevin Hervey\herveke01,0.0,25.5,-0.2,0.0,-0.2,-0.471,-13.4,-6.5,-19.9,-0.1
211,Mario Hezonja\hezonma01,14.9,13.7,0.1,0.6,0.7,.046,-3.1,0.2,-2.9,-0.2
212,Buddy Hield\hieldbu01,11.8,27.1,1.6,1.5,3.1,.074,2.6,-1.3,1.4,1.7
213,George Hill\hillge01,11.6,15.8,3.2,1.9,5.1,.220,1.8,1.4,3.2,1.5
214,Solomon Hill\hillso01,15.0,13.2,0.4,0.9,1.3,.064,-1.9,0.2,-1.6,0.1
214,Solomon Hill\hillso01,13.8,13.4,0.5,0.8,1.3,.071,-1.6,0.2,-1.4,0.1
214,Solomon Hill\hillso01,29.5,11.5,-0.1,0.1,0.0,-0.006,-4.5,0.8,-3.7,0.0
215,Jaylen Hoard\hoardja01,9.6,17.2,0.1,0.1,0.2,.096,-0.9,-1.1,-1.9,0.0
216,Aaron Holiday\holidaa01,12.4,19.4,0.4,1.4,1.7,.060,-1.4,-0.3,-1.7,0.1
217,Jrue Holiday\holidjr01,13.6,24.7,2.1,1.8,4.0,.099,1.9,0.3,2.3,2.1
218,Justin Holiday\holidju01,8.0,13.5,1.7,2.2,4.0,.117,0.0,1.7,1.6,1.5
219,Rondae Hollis-Jefferson\holliro01,12.2,17.2,1.4,1.8,3.2,.153,-1.1,1.5,0.5,0.6
220,Richaun Holmes\holmeri01,11.8,16.0,3.2,1.5,4.6,.198,0.6,0.9,1.5,1.0
221,Rodney Hood\hoodro01,9.4,13.9,0.9,0.2,1.1,.087,-0.4,-0.5,-0.9,0.2
222,Al Horford\horfoal01,8.7,17.6,2.5,2.5,5.0,.130,1.1,1.1,2.2,2.0
223,Talen Horton-Tucker\hortota01,0.0,8.4,0.0,0.0,0.0,.110,0.6,7.2,7.8,0.0
224,Danuel House\houseda01,8.6,13.5,1.9,1.6,3.5,.096,-0.6,0.1,-0.5,0.7
225,Dwight Howard\howardw01,17.8,14.5,2.6,2.4,5.0,.202,-0.8,1.4,0.5,0.8
226,William Howard\howarwi01,20.0,15.9,-0.1,0.0,-0.1,-0.354,-14.9,-5.7,-20.7,-0.1
227,Kevin Huerter\huertke01,12.0,17.1,1.0,0.6,1.6,.042,-0.6,-0.9,-1.6,0.2
228,De'Andre Hunter\huntede01,12.1,17.5,-0.4,0.5,0.1,.001,-2.8,-1.8,-4.7,-1.4
229,Chandler Hutchison\hutchch01,11.4,19.1,0.0,0.7,0.7,.060,-2.7,0.1,-2.6,-0.1
230,Serge Ibaka\ibakase01,12.9,24.1,1.5,2.4,3.9,.136,0.5,-0.1,0.4,0.9
231,Andre Iguodala\iguodan01,23.8,12.2,0.0,0.4,0.4,.078,-2.5,1.9,-0.7,0.1
232,Ersan İlyasova\ilyaser01,9.3,16.4,1.5,1.9,3.4,.180,-0.2,0.8,0.6,0.6
233,Joe Ingles\inglejo01,18.9,15.0,2.4,2.0,4.3,.108,0.0,0.7,0.7,1.3
234,Brandon Ingram\ingrabr01,13.1,28.2,3.2,1.7,4.9,.122,2.7,-0.3,2.4,2.1
235,Kyrie Irving\irvinky01,10.1,32.6,2.1,0.8,3.0,.216,6.6,1.0,7.6,1.6
236,Jonathan Isaac\isaacjo01,11.7,18.3,0.4,1.9,2.3,.114,-0.8,2.9,2.0,1.0
237,Wesley Iwundu\iwundwe01,7.3,13.1,0.6,0.8,1.4,.080,-3.1,0.2,-2.9,-0.2
238,Frank Jackson\jacksfr01,13.1,20.4,-0.4,0.3,-0.1,-0.005,-4.0,-2.0,-6.0,-0.7
239,Jaren Jackson Jr.\jacksja02,10.8,23.9,1.5,1.7,3.1,.100,0.2,0.0,0.2,0.8
240,Josh Jackson\jacksjo02,12.5,23.2,0.0,0.4,0.5,.062,-1.1,1.2,0.0,0.2
241,Justin Jackson\jacksju01,3.5,15.8,0.7,0.6,1.3,.066,-1.7,-1.2,-2.9,-0.2
242,Reggie Jackson\jacksre01,12.7,24.5,0.6,0.3,0.9,.077,1.8,-1.3,0.5,0.4
242,Reggie Jackson\jacksre01,9.8,27.0,0.3,0.1,0.4,.047,1.7,-2.2,-0.5,0.1
242,Reggie Jackson\jacksre01,21.1,19.1,0.3,0.2,0.5,.142,2.1,0.6,2.8,0.2
243,Justin James\jamesju01,8.4,19.0,0.0,0.2,0.2,.037,-1.0,0.2,-0.7,0.1
244,LeBron James\jamesle01,15.3,31.6,6.1,3.4,9.5,.218,6.8,1.9,8.7,5.7
245,Amile Jefferson\jeffeam01,13.0,13.5,0.0,0.1,0.0,.023,-4.9,-1.0,-5.9,-0.1
246,DaQuan Jeffries\jeffrda01,0.0,16.1,0.0,0.0,0.0,.081,-2.3,-0.3,-2.6,0.0
247,Ty Jerome\jeromty01,13.8,17.6,-0.3,0.3,0.0,-0.002,-3.9,0.0,-3.8,-0.1
248,Alize Johnson\johnsal02,14.5,16.8,0.0,0.1,0.1,.070,-3.2,-1.6,-4.8,0.0
249,B.J. Johnson\johnsbj01,13.7,20.6,-0.2,0.0,-0.1,-0.132,-7.2,-2.5,-9.7,-0.1
250,Cameron Johnson\johnsca02,7.7,16.0,1.1,0.7,1.8,.086,0.5,-0.7,-0.2,0.5
251,James Johnson\johnsja01,16.9,19.4,0.4,0.8,1.2,.089,-1.1,1.1,0.0,0.3
251,James Johnson\johnsja01,13.9,17.0,0.0,0.4,0.4,.066,-2.6,0.7,-1.9,0.0
251,James Johnson\johnsja01,18.8,21.4,0.3,0.4,0.8,.109,0.2,1.5,1.7,0.3
252,Keldon Johnson\johnske04,7.8,18.1,0.2,0.1,0.2,.119,-0.3,-0.6,-0.9,0.0
253,Stanley Johnson\johnsst04,19.2,18.6,-0.3,0.2,-0.1,-0.068,-7.9,1.4,-6.5,-0.1
254,Tyler Johnson\johnsty01,11.5,17.3,-0.2,0.3,0.1,.011,-3.0,-0.7,-3.7,-0.2
255,Nikola Jokić\jokicni01,15.7,26.6,6.0,3.2,9.2,.209,5.4,2.3,7.6,5.1
256,Damian Jones\jonesda03,11.5,11.4,2.2,0.6,2.8,.152,-1.6,0.1,-1.4,0.1
257,Derrick Jones Jr.\jonesde02,6.8,14.1,2.3,1.6,3.9,.150,-0.4,1.1,0.8,0.9
258,Tyus Jones\jonesty01,10.8,17.2,2.0,1.0,3.0,.115,0.4,0.1,0.6,0.8
259,DeAndre Jordan\jordade01,17.8,14.1,3.0,2.3,5.3,.204,1.1,1.8,2.8,1.5
260,Cory Joseph\josepco01,14.0,13.0,1.1,1.0,2.2,.067,-2.1,0.3,-1.8,0.1
261,Mfiondu Kabengele\kabenmf01,5.5,23.5,0.1,0.1,0.2,.175,2.2,-0.1,2.1,0.1
262,Frank Kaminsky\kaminfr01,9.4,20.8,0.8,0.6,1.4,.092,0.2,-0.3,-0.1,0.3
263,Enes Kanter\kanteen01,12.9,19.3,2.1,1.7,3.8,.207,1.6,-0.1,1.5,0.8
264,Luke Kennard\kennalu01,10.3,19.8,1.6,0.3,1.9,.100,1.1,-1.4,-0.3,0.4
265,Stanton Kidd\kiddst01,40.0,14.6,-0.1,0.0,-0.1,-0.327,-15.6,-1.3,-16.9,-0.1
266,Michael Kidd-Gilchrist\kiddgmi01,16.7,14.8,-0.3,0.2,-0.2,-0.037,-6.6,-0.9,-7.5,-0.3
266,Michael Kidd-Gilchrist\kiddgmi01,10.9,17.6,-0.2,0.1,-0.1,-0.029,-5.3,-1.6,-6.9,-0.2
266,Michael Kidd-Gilchrist\kiddgmi01,43.2,8.4,-0.2,0.1,-0.1,-0.055,-9.7,0.8,-8.9,-0.1
267,Louis King\kinglo02,8.2,17.1,-0.1,0.0,0.0,-0.007,-5.1,-1.1,-6.2,-0.1
268,Maxi Kleber\klebima01,8.7,13.9,2.9,1.7,4.6,.131,0.5,0.2,0.6,1.1
269,Brandon Knight\knighbr03,17.3,20.6,-0.2,0.1,-0.1,-0.010,-1.8,-2.7,-4.4,-0.3
269,Brandon Knight\knighbr03,14.9,19.1,-0.3,0.0,-0.3,-0.062,-3.9,-2.8,-6.6,-0.3
269,Brandon Knight\knighbr03,19.6,22.2,0.1,0.1,0.2,.046,0.5,-2.5,-2.0,0.0
270,Kevin Knox\knoxke01,9.2,17.8,-0.5,0.7,0.2,.006,-3.1,-1.1,-4.2,-0.6
271,John Konchar\konchjo01,14.3,10.4,0.5,0.2,0.7,.195,2.7,2.2,5.0,0.3
272,Furkan Korkmaz\korkmfu01,8.7,18.5,1.0,1.3,2.3,.079,-0.6,-0.9,-1.5,0.2
273,Luke Kornet\kornelu01,6.6,16.3,0.5,0.5,1.1,.091,-0.9,-0.2,-1.1,0.1
274,Kyle Korver\korveky01,13.3,15.7,0.8,1.4,2.2,.125,-0.5,0.7,0.2,0.5
275,Rodions Kurucs\kurucro01,19.3,15.1,-0.1,0.6,0.5,.048,-3.9,0.9,-2.9,-0.1
276,Kyle Kuzma\kuzmaky01,11.6,23.2,-0.2,1.6,1.4,.052,-2.2,-1.3,-3.5,-0.5
277,Skal Labissière\labissk01,15.7,14.3,1.0,0.4,1.4,.122,-1.5,0.3,-1.3,0.1
278,Jeremy Lamb\lambje01,8.7,19.7,0.9,1.8,2.7,.099,-1.1,0.7,-0.4,0.5
279,Romeo Langford\langfro01,10.8,11.9,-0.1,0.3,0.2,.039,-4.5,-0.1,-4.6,-0.2
280,Zach LaVine\lavinza01,13.3,31.7,1.8,2.2,4.0,.092,3.3,-0.8,2.5,2.4
281,Vic Law\lawvi01,0.0,18.6,-0.1,0.0,-0.1,-0.456,-17.0,-8.2,-25.2,-0.1
282,Jake Layman\laymaja01,11.1,17.7,0.0,0.3,0.3,.029,-2.7,-1.0,-3.7,-0.2
283,T.J. Leaf\leaftj01,8.6,18.5,0.0,0.3,0.4,.088,-1.4,-0.1,-1.5,0.0
284,Jalen Lecque\lecquja01,8.4,19.4,0.0,0.0,0.0,-0.042,-5.7,-3.6,-9.3,0.0
285,Courtney Lee\leeco01,11.4,11.9,0.3,0.4,0.7,.098,-2.1,1.6,-0.5,0.1
286,Damion Lee\leeda03,10.6,19.0,0.9,0.8,1.7,.058,-1.5,-0.8,-2.3,-0.1
287,Alex Len\lenal01,12.8,18.3,1.4,0.9,2.3,.122,-0.2,-0.2,-0.5,0.3
287,Alex Len\lenal01,11.7,18.6,1.1,0.6,1.8,.113,-0.2,-0.3,-0.4,0.3
287,Alex Len\lenal01,19.2,16.7,0.3,0.2,0.5,.165,-0.7,0.1,-0.6,0.1
288,Kawhi Leonard\leonaka01,10.7,33.2,4.6,3.0,7.6,.222,6.5,2.5,9.0,4.6
289,Meyers Leonard\leoname01,13.0,12.0,1.0,1.1,2.1,.104,-1.0,0.4,-0.6,0.3
290,Caris LeVert\leverca01,12.6,28.8,-0.1,1.2,1.2,.050,0.1,-0.7,-0.6,0.4
291,Damian Lillard\lillada01,11.0,30.2,8.9,0.7,9.6,.215,7.9,-0.7,7.2,5.0
292,Nassir Little\littlna01,8.1,13.7,0.3,0.3,0.6,.050,-2.9,-0.6,-3.5,-0.2
293,Kevon Looney\looneke01,12.5,15.7,-0.2,0.2,0.0,.005,-4.8,-0.8,-5.5,-0.2
294,Brook Lopez\lopezbr01,9.2,17.5,0.8,3.9,4.6,.137,-1.1,2.8,1.8,1.5
295,Robin Lopez\lopezro01,15.6,16.6,0.2,1.5,1.7,.095,-2.4,0.5,-1.9,0.0
296,Kevin Love\loveke01,14.5,23.1,2.5,1.2,3.8,.102,2.6,-0.6,2.1,1.8
297,Kyle Lowry\lowryky01,15.0,23.1,4.1,2.8,6.9,.173,2.5,0.7,3.2,2.5
298,Timothé Luwawu-Cabarrot\luwawti01,12.7,15.7,0.4,0.6,1.0,.069,-3.0,-0.2,-3.2,-0.2
299,Trey Lyles\lylestr01,9.7,13.7,1.2,1.0,2.2,.081,-0.5,-0.7,-1.2,0.2
300,Daryl Macon\maconda01,40.0,15.8,0.0,0.0,0.0,-0.161,-7.0,-4.4,-11.4,0.0
301,J.P. Macura\macurjp01,,0.0,0.0,0.0,0.0,-0.023,-5.1,-1.2,-6.3,0.0
302,Josh Magette\magetjo01,23.9,23.8,-0.2,0.1,-0.1,-0.126,-8.0,1.6,-6.4,0.0
303,Ian Mahinmi\mahinia01,14.8,15.7,0.7,0.7,1.4,.082,-2.7,0.0,-2.7,-0.2
304,Thon Maker\makerth01,15.7,16.1,0.7,0.8,1.5,.096,-2.0,0.7,-1.4,0.1
305,Terance Mann\mannte01,19.1,11.2,0.0,0.3,0.3,.057,-4.7,1.2,-3.5,-0.1
306,Boban Marjanović\marjabo01,11.8,27.9,0.8,0.5,1.3,.184,1.7,-1.7,0.0,0.2
307,Lauri Markkanen\markkla01,11.0,21.1,1.1,1.6,2.6,.084,0.2,-0.8,-0.5,0.5
308,Caleb Martin\martica02,13.9,15.0,0.3,0.2,0.5,.081,-1.6,0.5,-1.0,0.1
309,Cody Martin\martico01,15.7,13.6,0.2,0.8,1.0,.052,-3.1,1.0,-2.1,0.0
310,Jeremiah Martin\martije02,0.0,13.1,0.0,0.0,0.0,-0.040,-6.6,3.6,-3.0,0.0
311,Kelan Martin\martike03,9.3,17.8,-0.1,0.3,0.2,.023,-3.3,-1.0,-4.3,-0.3
312,Frank Mason III\masonfr01,22.4,20.8,-0.2,0.1,-0.1,-0.060,-7.5,-0.9,-8.4,-0.1
313,Garrison Mathews\mathega01,10.1,14.5,0.6,0.0,0.6,.129,-0.5,-0.6,-1.1,0.1
314,Wesley Matthews\matthwe02,8.7,12.7,0.8,2.4,3.1,.099,-2.5,0.8,-1.7,0.1
315,Patrick McCaw\mccawpa01,14.6,9.4,0.2,1.2,1.4,.073,-3.6,1.8,-1.8,0.0
316,CJ McCollum\mccolcj01,8.3,26.7,3.1,0.6,3.7,.079,2.5,-1.7,0.9,1.6
317,T.J. McConnell\mccontj01,18.5,17.2,1.6,1.4,2.9,.119,0.1,0.2,0.3,0.7
318,Jalen McDaniels\mcdanja01,12.4,13.3,0.2,0.2,0.5,.078,-3.3,0.0,-3.3,-0.1
319,Doug McDermott\mcderdo01,7.2,19.6,2.1,0.9,3.0,.115,1.5,-1.5,0.0,0.6
320,JaVale McGee\mcgeeja01,12.9,15.0,2.2,2.3,4.5,.211,-0.3,2.3,2.1,1.1
321,Rodney McGruder\mcgruro01,11.1,10.5,-0.1,1.0,0.8,.054,-3.8,0.8,-3.0,-0.2
322,Alfonzo McKinnie\mckinal01,12.3,15.2,-0.2,0.3,0.2,.014,-4.4,-0.9,-5.3,-0.5
323,Jordan McLaughlin\mclaujo01,13.7,15.8,1.2,0.4,1.6,.130,0.4,-0.1,0.3,0.3
324,Ben McLemore\mclembe01,8.5,15.6,2.1,0.9,3.0,.100,0.0,-0.7,-0.7,0.5
325,Jordan McRae\mcraejo01,9.4,24.4,0.4,0.3,0.7,.043,0.0,-1.6,-1.5,0.1
325,Jordan McRae\mcraejo01,9.7,24.9,0.4,0.2,0.7,.050,0.8,-1.3,-0.5,0.3
325,Jordan McRae\mcraejo01,0.0,10.5,0.1,0.0,0.1,.208,1.0,1.4,2.5,0.0
325,Jordan McRae\mcraejo01,8.7,25.7,-0.1,0.0,-0.1,-0.053,-5.6,-4.2,-9.8,-0.2
326,Nicolò Melli\mellini01,12.1,15.9,1.0,0.8,1.8,.095,-0.9,0.3,-0.6,0.3
327,De'Anthony Melton\meltode01,16.3,19.6,0.4,1.4,1.8,.086,-1.6,1.8,0.3,0.6
328,Chimezie Metu\metuch01,11.5,25.9,0.2,0.1,0.2,.159,3.8,-0.8,3.0,0.1
329,Khris Middleton\middlkh01,10.8,26.2,4.3,3.1,7.4,.214,3.4,0.9,4.4,2.7
330,Eric Mika\mikaer01,0.0,8.9,0.1,0.0,0.1,.222,-2.2,-0.9,-3.1,0.0
331,C.J. Miles\milescj01,5.6,18.6,0.0,0.1,0.1,.033,-1.8,0.0,-1.9,0.0
332,Malcolm Miller\millema01,10.1,10.1,-0.1,0.2,0.1,.037,-4.3,1.4,-2.9,0.0
333,Patty Mills\millspa02,7.6,20.5,2.1,0.5,2.6,.086,1.1,-1.2,-0.1,0.7
334,Paul Millsap\millspa01,12.1,20.3,2.0,1.4,3.4,.151,0.6,0.0,0.6,0.7
335,Shake Milton\miltosh01,13.7,19.6,1.1,0.6,1.7,.134,0.3,-0.6,-0.3,0.3
336,Donovan Mitchell\mitchdo01,10.9,31.0,3.0,2.2,5.2,.115,2.4,-0.5,1.9,2.1
337,Naz Mitrou-Long\mitrona01,11.1,18.4,0.0,0.0,0.0,.015,-1.9,2.4,0.5,0.0
338,Adam Mokoka\mokokad01,6.3,12.1,0.1,0.1,0.2,.073,-3.1,-1.0,-4.1,-0.1
339,Malik Monk\monkma01,12.6,22.9,0.1,0.6,0.7,.028,-1.0,-1.3,-2.3,-0.1
340,Matt Mooney\moonema01,0.0,9.0,0.0,0.0,0.0,.006,-5.3,5.0,-0.3,0.0
341,E'Twaun Moore\mooreet01,8.1,19.9,0.2,0.6,0.8,.042,-2.0,-1.0,-2.9,-0.2
342,Ja Morant\moranja01,17.2,26.0,2.2,1.2,3.4,.093,1.6,-1.3,0.4,1.1
343,Juwan Morgan\morgaju01,15.0,11.9,0.0,0.1,0.1,.066,-2.9,-0.4,-3.3,0.0
344,Marcus Morris\morrima03,9.5,22.8,2.0,1.2,3.2,.088,0.9,-0.8,0.1,0.9
344,Marcus Morris\morrima03,9.2,24.4,2.2,0.8,2.9,.101,1.9,-1.1,0.8,1.0
344,Marcus Morris\morrima03,11.2,16.4,-0.2,0.4,0.2,.033,-3.1,0.5,-2.6,-0.1
345,Markieff Morris\morrima02,14.0,21.1,0.4,0.8,1.2,.053,-1.2,-0.9,-2.1,0.0
345,Markieff Morris\morrima02,14.2,21.8,0.3,0.7,1.0,.049,-1.0,-1.0,-2.1,0.0
345,Markieff Morris\morrima02,11.7,15.3,0.1,0.2,0.2,.086,-2.5,0.1,-2.4,0.0
346,Monte Morris\morrimo01,8.1,17.2,2.2,1.2,3.4,.117,0.2,-0.1,0.1,0.8
347,Johnathan Motley\motlejo01,21.7,23.4,0.2,0.1,0.3,.299,4.8,3.3,8.1,0.1
348,Emmanuel Mudiay\mudiaem01,16.9,22.4,0.3,0.8,1.1,.071,-1.2,0.1,-1.1,0.2
349,Mychal Mulder\muldemy01,6.5,16.2,0.1,0.0,0.1,.017,-3.3,-2.9,-6.1,-0.2
350,Dejounte Murray\murrade01,15.7,20.6,0.9,1.7,2.6,.087,-0.5,1.5,1.0,1.1
351,Jamal Murray\murraja01,11.8,25.2,2.5,1.6,4.2,.111,1.8,-0.7,1.1,1.4
352,Džanan Musa\musadz01,15.5,19.4,-0.4,0.4,0.0,.006,-4.1,-0.7,-4.8,-0.3
353,Mike Muscala\muscami01,7.7,16.4,0.5,0.5,1.0,.102,-0.1,-0.1,-0.2,0.2
354,Sviatoslav Mykhailiuk\mykhasv01,12.3,17.1,1.0,0.6,1.6,.060,-0.7,-1.2,-1.8,0.0
355,Abdel Nader\naderab01,12.7,16.5,0.4,0.7,1.1,.072,-1.1,0.2,-0.8,0.2
356,Larry Nance Jr.\nancela02,11.5,15.2,2.8,1.1,3.9,.128,1.4,0.3,1.8,1.4
357,Shabazz Napier\napiesh01,18.9,19.6,1.1,0.8,1.9,.075,-0.3,-0.2,-0.5,0.5
357,Shabazz Napier\napiesh01,19.1,19.1,0.6,0.6,1.3,.071,-0.5,-0.2,-0.8,0.3
357,Shabazz Napier\napiesh01,18.6,20.7,0.4,0.2,0.6,.082,0.2,-0.2,0.1,0.2
358,Raul Neto\netora01,18.2,17.6,0.2,0.6,0.8,.071,-1.8,-0.1,-1.9,0.0
359,Malik Newman\newmama01,25.8,41.5,0.0,0.0,0.0,-0.503,-14.5,-11.3,-25.9,0.0
360,Georges Niang\niangge01,8.6,17.1,1.0,0.7,1.7,.105,0.9,-0.4,0.5,0.5
361,Nerlens Noel\noelne01,15.4,15.3,2.7,2.1,4.8,.225,0.5,3.4,4.0,1.5
362,Zach Norvell\norveza01,19.4,16.1,-0.1,0.0,-0.1,-0.084,-7.1,-1.2,-8.3,-0.1
362,Zach Norvell\norveza01,0.0,8.4,0.0,0.0,0.0,-0.149,-10.2,-2.4,-12.6,0.0
362,Zach Norvell\norveza01,20.8,17.1,-0.1,0.0,-0.1,-0.075,-6.7,-1.1,-7.7,-0.1
363,Jaylen Nowell\nowelja01,4.7,17.3,0.1,0.0,0.2,.051,-2.9,-0.8,-3.7,-0.1
364,Frank Ntilikina\ntilila01,16.5,15.4,0.1,0.8,0.9,.037,-3.6,0.4,-3.2,-0.4
365,Kendrick Nunn\nunnke01,10.2,23.7,1.0,1.4,2.4,.064,-0.7,-1.3,-2.0,0.0
366,David Nwaba\nwabada01,8.8,14.2,0.4,0.4,0.8,.142,-1.1,2.0,1.0,0.2
367,Royce O'Neale\onealro01,12.7,9.3,1.8,2.2,4.0,.104,-1.3,2.1,0.8,1.3
368,Kyle O'Quinn\oquinky01,18.3,16.5,0.3,0.5,0.8,.155,-0.7,2.2,1.5,0.2
369,Semi Ojeleye\ojelese01,6.5,8.8,0.8,0.9,1.7,.091,-2.1,0.5,-1.6,0.1
370,Jahlil Okafor\okafoja01,17.5,19.8,0.7,0.4,1.1,.129,-0.8,0.6,-0.2,0.2
371,Elie Okobo\okoboel01,15.3,14.9,0.4,0.5,0.9,.059,-2.0,-0.1,-2.1,0.0
372,Josh Okogie\okogijo01,15.3,15.1,1.0,1.2,2.2,.067,-2.4,0.0,-2.4,-0.1
373,KZ Okpala\okpalkz01,14.5,11.7,0.0,0.0,0.1,.119,-1.2,4.0,2.7,0.0
374,Victor Oladipo\oladivi01,13.5,27.0,-0.3,0.4,0.1,.008,-1.7,-1.3,-3.0,-0.1
375,Kelly Olynyk\olynyke01,15.1,16.9,1.7,1.5,3.2,.140,0.1,1.0,1.1,0.8
376,Miye Oni\onimi01,33.3,12.0,-0.1,0.0,-0.1,-0.285,-12.7,-4.6,-17.3,0.0
377,Cedi Osman\osmande01,12.3,16.6,1.1,0.5,1.6,.040,-1.6,-0.9,-2.6,-0.3
378,Kelly Oubre Jr.\oubreke01,8.2,22.4,1.7,1.9,3.6,.090,-0.3,-0.4,-0.6,0.7
379,Tariq Owens\owensta01,0.0,16.7,0.0,0.0,0.0,.017,-3.1,-2.8,-5.9,0.0
380,Jeremy Pargo\pargoje01,15.1,25.7,0.0,0.0,0.0,.011,-2.8,-3.1,-5.9,0.0
381,Jabari Parker\parkeja01,12.2,24.0,0.5,0.7,1.2,.066,0.2,-0.4,-0.1,0.4
381,Jabari Parker\parkeja01,12.4,24.0,0.5,0.7,1.2,.069,0.4,-0.3,0.1,0.4
381,Jabari Parker\parkeja01,0.0,20.0,0.0,0.0,0.0,-0.079,-6.9,-3.4,-10.3,0.0
382,Chandler Parsons\parsoch01,14.3,16.1,-0.1,0.0,-0.1,-0.066,-4.7,-1.3,-6.0,-0.1
383,Eric Paschall\pascher01,11.4,21.4,1.6,0.5,2.1,.062,-0.7,-2.0,-2.7,-0.3
384,Anžejs Pasečņiks\pasecan01,14.5,15.6,0.3,0.2,0.5,.056,-3.8,-1.6,-5.4,-0.3
385,Patrick Patterson\pattepa01,8.1,15.1,0.9,0.6,1.5,.118,0.9,-0.5,0.4,0.4
386,Justin Patton\pattoju01,16.7,22.1,0.0,0.0,0.0,-0.066,-6.9,-3.3,-10.1,-0.1
387,Chris Paul\paulch01,13.0,23.2,5.5,2.5,8.1,.194,3.1,1.2,4.3,3.2
388,Elfrid Payton\paytoel01,16.7,19.5,0.5,1.2,1.7,.065,-0.3,0.3,0.0,0.6
389,Gary Payton II\paytoga02,14.3,13.4,0.1,0.4,0.4,.049,-3.1,1.5,-1.6,0.0
390,Norvel Pelle\pelleno01,24.4,12.9,-0.1,0.4,0.3,.082,-7.1,3.1,-4.1,-0.1
391,Theo Pinson\pinsoth01,16.9,22.4,-1.0,0.5,-0.6,-0.074,-6.9,-0.2,-7.1,-0.5
392,Mason Plumlee\plumlma01,18.9,18.4,1.7,1.3,3.0,.162,0.2,2.0,2.2,1.0
393,Jakob Poeltl\poeltja01,15.2,13.3,2.0,1.3,3.3,.165,0.8,2.3,3.1,1.2
394,Vincent Poirier\poirivi01,14.3,15.8,0.1,0.2,0.3,.124,-4.5,0.7,-3.8,-0.1
395,Shamorie Ponds\pondssh01,0.0,22.9,0.1,0.0,0.1,.451,8.4,5.3,13.7,0.0
396,Jordan Poole\poolejo01,11.8,21.1,-1.6,0.4,-1.2,-0.047,-4.4,-2.2,-6.6,-1.5
397,Kevin Porter Jr.\porteke02,16.7,20.5,-0.3,0.6,0.3,.011,-3.2,-0.6,-3.7,-0.5
398,Michael Porter Jr.\portemi01,10.3,22.0,1.0,0.9,2.0,.141,1.4,-0.7,0.8,0.5
399,Otto Porter\porteot01,6.8,21.0,0.4,0.4,0.8,.112,0.9,0.2,1.0,0.3
400,Bobby Portis\portibo01,10.4,21.4,0.9,1.0,1.9,.064,0.1,-1.1,-1.0,0.3
401,Kristaps Porziņģis\porzikr01,8.5,26.6,1.7,2.6,4.3,.129,1.2,0.3,1.5,1.4
402,Dwight Powell\poweldw01,11.5,12.7,2.6,1.1,3.7,.169,0.4,1.0,1.4,0.9
403,Norman Powell\powelno01,10.0,21.5,2.2,1.9,4.2,.157,1.4,0.9,2.3,1.4
404,Chasson Randle\randlch01,0.0,7.1,0.0,0.0,0.0,.044,-5.9,0.1,-5.8,0.0
405,Julius Randle\randlju01,14.3,27.6,1.0,1.7,2.7,.062,0.7,-1.0,-0.3,0.9
406,Josh Reaves\reavejo02,0.0,42.8,0.0,0.0,0.0,-1.036,-24.4,-15.1,-39.5,0.0
407,Cam Reddish\reddica01,13.6,18.9,-1.2,0.8,-0.4,-0.011,-3.2,-1.0,-4.2,-0.9
408,J.J. Redick\redicjj01,9.4,19.9,3.2,0.6,3.7,.125,2.0,-1.6,0.4,0.9
409,Naz Reid\reidna01,7.6,24.0,0.2,0.6,0.8,.074,-1.6,-0.3,-1.9,0.0
410,Josh Richardson\richajo01,12.6,21.1,0.3,1.6,1.9,.062,-1.5,-0.2,-1.7,0.1
411,Austin Rivers\riverau01,6.9,14.9,1.3,1.0,2.2,.077,-1.9,-0.4,-2.3,-0.1
412,Duncan Robinson\robindu01,8.6,15.8,3.2,1.5,4.7,.116,1.2,-0.9,0.3,1.1
413,Glenn Robinson III\robingl02,7.9,16.4,2.0,0.8,2.8,.077,-0.5,-1.1,-1.6,0.2
413,Glenn Robinson III\robingl02,8.5,16.6,1.5,0.6,2.1,.067,-0.5,-1.2,-1.7,0.1
413,Glenn Robinson III\robingl02,3.8,14.8,0.5,0.2,0.7,.147,-0.2,-0.9,-1.1,0.1
414,Jerome Robinson\robinje01,12.9,14.6,-0.7,0.7,0.0,.003,-4.6,0.1,-4.5,-0.5
414,Jerome Robinson\robinje01,15.3,14.9,-0.6,0.6,0.0,-0.002,-5.4,0.6,-4.8,-0.3
414,Jerome Robinson\robinje01,8.7,14.1,-0.1,0.1,0.1,.011,-3.3,-0.6,-3.9,-0.1
415,Justin Robinson\robinju01,20.0,12.7,0.0,0.0,0.0,.006,-2.6,-3.1,-5.7,0.0
416,Mitchell Robinson\robinmi01,8.3,13.3,4.8,2.0,6.8,.230,1.6,1.3,3.0,1.8
417,Isaiah Roby\robyis01,50.0,8.0,-0.1,0.0,0.0,-0.191,-12.0,-3.5,-15.5,0.0
418,Rajon Rondo\rondora01,20.8,18.7,0.2,1.3,1.5,.073,-1.1,0.0,-1.2,0.2
419,Derrick Rose\rosede01,13.4,31.6,1.9,0.6,2.5,.093,4.0,-1.7,2.2,1.4
420,Terrence Ross\rosste01,6.8,22.8,1.0,1.8,2.9,.080,0.0,-0.3,-0.4,0.7
421,Terry Rozier\roziete01,12.1,23.7,1.9,1.1,3.0,.067,0.8,-1.3,-0.4,0.8
422,Ricky Rubio\rubiori01,18.1,20.2,2.4,1.7,4.1,.109,0.5,0.2,0.7,1.2
423,D'Angelo Russell\russeda01,13.6,31.5,1.1,0.7,1.8,.060,3.8,-1.9,1.9,1.4
423,D'Angelo Russell\russeda01,12.6,32.2,0.9,0.4,1.3,.059,4.5,-1.9,2.6,1.2
423,D'Angelo Russell\russeda01,16.4,29.5,0.2,0.3,0.5,.064,1.8,-1.7,0.2,0.2
424,Domantas Sabonis\sabondo01,14.8,23.4,4.2,3.3,7.6,.168,2.1,1.1,3.2,2.9
425,Luka Šamanić\samanlu01,0.0,14.5,-0.1,0.0,-0.1,-0.252,-7.4,-4.5,-11.9,0.0
426,JaKarr Sampson\sampsja02,7.2,12.5,0.4,0.4,0.8,.117,-2.7,0.8,-1.8,0.0
427,Dario Šarić\saricda01,12.3,17.2,1.5,1.2,2.7,.091,-0.5,-0.4,-0.9,0.4
428,Tomáš Satoranský\satorto01,17.7,16.7,1.8,1.7,3.5,.090,-1.0,-0.2,-1.2,0.4
429,Admiral Schofield\schofad01,8.0,12.5,0.1,0.0,0.1,.020,-4.2,-1.1,-5.3,-0.2
430,Dennis Schröder\schrode01,13.2,27.2,1.9,1.6,3.5,.086,1.1,-1.2,-0.1,1.0
431,Mike Scott\scottmi01,6.7,13.8,1.0,1.1,2.1,.089,-1.2,-1.1,-2.3,-0.1
432,Thabo Sefolosha\sefolth01,13.7,10.4,0.1,0.6,0.7,.073,-2.7,1.6,-1.1,0.1
433,Collin Sexton\sextoco01,11.6,27.2,2.2,0.3,2.5,.057,0.3,-2.1,-1.8,0.1
434,Landry Shamet\shamela01,8.7,13.3,1.7,1.0,2.7,.100,-1.4,-0.2,-1.6,0.1
435,Marial Shayok\shayoma01,16.7,25.9,-0.1,0.0,0.0,-0.227,-8.7,-2.6,-11.3,0.0
436,Iman Shumpert\shumpim01,13.0,13.4,-0.3,0.3,0.0,-0.001,-6.4,0.8,-5.6,-0.2
437,Pascal Siakam\siakapa01,10.5,28.5,2.0,3.2,5.2,.133,1.7,0.5,2.2,2.0
438,Chris Silva\silvach01,25.5,17.5,0.7,0.5,1.1,.178,-3.4,0.9,-2.5,0.0
439,Ben Simmons\simmobe01,20.6,20.9,3.8,3.2,7.0,.174,1.4,2.4,3.9,2.9
440,Anfernee Simons\simonan01,9.7,19.0,0.1,0.2,0.3,.010,-2.5,-1.8,-4.4,-0.8
441,Alen Smailagić\smailal01,18.5,18.2,0.2,0.1,0.2,.081,-1.3,-0.8,-2.1,0.0
442,Marcus Smart\smartma01,11.5,19.3,1.7,2.4,4.1,.115,0.2,1.3,1.6,1.5
443,Dennis Smith Jr.\smithde03,19.8,23.1,-1.3,0.5,-0.9,-0.079,-5.2,-0.9,-6.1,-0.6
444,Ish Smith\smithis01,11.2,18.3,1.3,0.4,1.7,.053,-0.3,-1.1,-1.4,0.2
445,Zhaire Smith\smithzh01,13.6,19.9,-0.1,0.1,-0.1,-0.118,-10.8,0.8,-10.0,-0.1
446,Tony Snell\snellto01,7.3,11.4,2.1,0.5,2.6,.076,-1.1,-0.6,-1.8,0.1
447,Omari Spellman\spellom01,13.9,18.8,0.5,0.7,1.2,.065,-0.7,-1.0,-1.7,0.1
448,Max Strus\strusma01,0.0,24.4,0.0,0.0,0.0,.317,5.4,-1.0,4.4,0.0
449,Edmond Sumner\sumneed01,13.9,17.4,-0.1,0.4,0.3,.039,-3.6,0.4,-3.1,-0.1
450,Caleb Swanigan\swanica01,40.4,13.5,-0.2,0.2,0.0,.007,-6.3,0.2,-6.0,-0.3
450,Caleb Swanigan\swanica01,55.1,20.6,-0.1,0.0,-0.1,-0.175,-14.6,3.4,-11.2,-0.1
450,Caleb Swanigan\swanica01,38.5,12.9,-0.1,0.2,0.1,.023,-5.5,0.0,-5.6,-0.2
451,Jayson Tatum\tatumja01,9.7,28.6,2.9,3.4,6.2,.147,3.3,0.6,3.9,3.0
452,Jeff Teague\teaguje01,16.8,19.5,1.9,0.6,2.5,.082,-0.2,-1.3,-1.5,0.2
452,Jeff Teague\teaguje01,16.4,20.2,1.7,0.4,2.1,.108,0.6,-1.2,-0.6,0.3
452,Jeff Teague\teaguje01,17.5,18.3,0.2,0.2,0.4,.035,-1.6,-1.5,-3.1,-0.2
453,Garrett Temple\templga01,9.3,16.6,0.5,1.6,2.1,.065,-1.5,0.4,-1.1,0.4
454,Daniel Theis\theisda01,10.1,14.7,3.6,2.3,5.9,.205,0.4,1.8,2.3,1.5
455,Isaiah Thomas\thomais02,14.4,24.1,0.2,-0.1,0.0,.001,-0.5,-3.9,-4.4,-0.6
456,Khyri Thomas\thomakh01,13.8,15.6,-0.1,0.0,0.0,-0.038,-6.1,-1.8,-7.9,-0.1
457,Matt Thomas\thomama02,9.4,17.0,0.5,0.4,0.9,.137,1.0,0.4,1.4,0.3
458,Tristan Thompson\thomptr01,14.0,18.3,2.0,1.1,3.1,.085,-0.2,-1.3,-1.5,0.2
459,Matisse Thybulle\thybuma01,15.1,11.6,0.1,1.8,1.9,.084,-3.0,3.1,0.1,0.6
460,Anthony Tolliver\tollian01,15.3,11.4,-0.1,0.4,0.3,.018,-3.1,-0.7,-3.8,-0.3
460,Anthony Tolliver\tollian01,14.3,11.2,0.2,0.2,0.4,.033,-2.4,-0.9,-3.3,-0.2
460,Anthony Tolliver\tollian01,18.3,11.6,-0.2,0.1,-0.2,-0.099,-7.8,-0.9,-8.8,-0.1
460,Anthony Tolliver\tollian01,18.0,12.0,0.0,0.1,0.1,.026,-3.4,0.3,-3.0,0.0
461,Juan Toscano-Anderson\toscaju01,19.7,12.7,-0.1,0.2,0.2,.030,-3.9,0.4,-3.5,-0.1
462,Karl-Anthony Towns\townska01,13.2,28.8,3.8,1.3,5.1,.205,7.0,0.8,7.8,2.9
463,Gary Trent Jr.\trentga02,4.9,15.4,1.2,0.4,1.6,.071,-0.5,-0.6,-1.1,0.3
464,Allonzo Trier\trieral01,15.0,21.4,0.5,0.1,0.5,.087,1.0,-1.5,-0.5,0.1
465,P.J. Tucker\tuckepj01,14.6,8.6,1.8,2.2,3.9,.086,-2.2,0.6,-1.6,0.2
466,Rayjon Tucker\tuckera01,12.4,13.6,-0.1,0.1,0.0,-0.009,-6.7,-1.2,-7.9,-0.1
467,Evan Turner\turneev01,26.2,16.4,-0.5,0.1,-0.3,-0.064,-4.9,-0.7,-5.6,-0.2
468,Myles Turner\turnemy01,10.5,17.5,1.0,2.8,3.7,.111,-0.9,1.1,0.2,0.9
469,Jarrod Uthoff\uthofja01,0.0,23.4,-0.1,0.0,0.0,-0.167,-11.0,-2.5,-13.5,0.0
470,Jonas Valančiūnas\valanjo01,12.8,21.4,3.8,2.4,6.2,.182,2.2,0.0,2.3,1.8
471,Denzel Valentine\valende01,9.8,23.3,-0.1,0.6,0.5,.048,-0.7,0.2,-0.5,0.2
472,Jarred Vanderbilt\vandeja01,44.1,14.9,-0.1,0.1,0.0,-0.020,-6.6,0.6,-5.9,0.0
472,Jarred Vanderbilt\vandeja01,50.0,14.8,-0.1,0.1,0.0,-0.035,-7.1,1.1,-6.0,0.0
472,Jarred Vanderbilt\vandeja01,0.0,15.5,0.0,0.0,0.0,.104,-2.8,-2.8,-5.6,0.0
473,Fred VanVleet\vanvlfr01,12.4,22.0,2.2,2.7,4.9,.136,1.0,1.3,2.3,1.8
474,Gabe Vincent\vincega01,0.0,20.0,-0.1,0.0,-0.1,-0.105,-6.7,-2.9,-9.6,-0.1
475,Noah Vonleh\vonleno01,17.0,14.0,0.6,0.4,1.0,.126,-1.2,0.3,-0.8,0.1
475,Noah Vonleh\vonleno01,16.2,13.9,0.5,0.3,0.9,.123,-1.4,0.4,-1.0,0.1
475,Noah Vonleh\vonleno01,34.0,15.0,0.1,0.0,0.1,.185,4.3,-1.6,2.7,0.0
476,Nikola Vučević\vucevni01,7.3,25.8,2.9,2.6,5.5,.150,3.4,0.6,4.0,2.7
477,Dean Wade\wadede01,18.2,9.9,0.1,0.1,0.2,.104,-1.7,0.5,-1.2,0.0
478,Moritz Wagner\wagnemo01,17.2,18.8,1.3,0.5,1.8,.122,-1.2,-0.3,-1.6,0.1
479,Dion Waiters\waitedi01,10.2,30.9,-0.1,0.1,0.0,-0.001,2.4,-0.6,1.8,0.0
480,Kemba Walker\walkeke02,10.3,27.8,3.5,1.9,5.4,.163,5.0,-0.2,4.7,2.7
481,Lonnie Walker\walkelo01,9.6,18.2,0.0,0.5,0.5,.028,-2.5,-0.7,-3.2,-0.2
482,Tyrone Wallace\wallaty01,16.3,16.0,-0.3,0.1,-0.3,-0.075,-7.7,-1.0,-8.7,-0.3
483,Taurean Prince\princta02,14.0,20.4,-1.7,2.4,0.7,.019,-2.9,-0.1,-3.0,-0.5
484,Derrick Walton\waltode01,10.4,8.1,0.4,0.2,0.6,.112,-2.3,1.3,-1.1,0.1
484,Derrick Walton\waltode01,9.1,8.2,0.4,0.2,0.5,.113,-2.2,0.9,-1.4,0.0
484,Derrick Walton\waltode01,25.0,6.7,0.0,0.0,0.1,.104,-2.8,4.6,1.8,0.0
485,Brad Wanamaker\wanambr01,15.9,15.4,1.2,1.5,2.7,.108,-2.5,1.2,-1.3,0.2
486,T.J. Warren\warretj01,7.5,22.8,3.1,2.2,5.3,.129,0.4,-0.2,0.2,1.1
487,P.J. Washington\washipj01,12.5,18.6,0.5,1.4,2.0,.054,-1.7,0.1,-1.6,0.2
488,Yuta Watanabe\watanyu01,5.8,14.5,0.0,0.1,0.1,.047,-3.6,1.0,-2.6,0.0
489,Tremont Waters\watertr01,21.0,22.9,-0.2,0.1,-0.1,-0.045,-6.6,0.1,-6.5,-0.1
490,Paul Watson\watsopa01,0.0,14.8,-0.1,0.0,-0.1,-0.181,-8.0,0.8,-7.3,0.0
490,Paul Watson\watsopa01,0.0,17.1,-0.1,0.0,-0.1,-0.320,-12.3,-1.6,-13.9,-0.1
490,Paul Watson\watsopa01,0.0,10.1,0.0,0.0,0.0,.114,1.1,5.8,6.9,0.0
491,Quinndary Weatherspoon\weathqu01,0.0,8.7,-0.1,0.0,-0.1,-0.197,-9.1,-6.0,-15.1,-0.1
492,Russell Westbrook\westbru01,14.9,34.4,2.1,2.3,4.3,.109,1.9,-0.1,1.8,1.8
493,Coby White\whiteco01,11.4,24.4,-0.4,1.4,0.9,.026,-1.2,-1.6,-2.8,-0.3
494,Derrick White\whitede01,12.2,18.2,2.5,0.9,3.4,.110,0.7,0.2,0.9,1.1
495,Hassan Whiteside\whiteha01,13.1,19.8,5.1,3.0,8.1,.204,2.5,0.7,3.2,2.5
496,Andrew Wiggins\wiggian01,10.7,27.4,0.9,1.1,1.9,.050,1.1,-1.5,-0.3,0.8
496,Andrew Wiggins\wiggian01,10.8,28.0,0.6,0.8,1.4,.046,1.2,-1.5,-0.4,0.6
496,Andrew Wiggins\wiggian01,10.4,25.4,0.2,0.3,0.5,.064,1.0,-1.1,-0.2,0.2
497,Grant Williams\willigr01,17.7,11.5,0.2,1.3,1.5,.075,-4.0,1.4,-2.6,-0.1
498,Johnathan Williams\willijo04,12.8,9.6,0.3,0.1,0.3,.116,-0.5,-1.3,-1.8,0.0
499,Kenrich Williams\willike04,12.0,9.2,0.1,0.8,0.8,.052,-3.3,1.0,-2.3,-0.1
500,Lou Williams\willilo02,14.4,28.3,2.2,1.7,3.9,.107,2.1,-1.4,0.8,1.2
501,Marvin Williams\willima02,9.3,13.0,1.0,1.0,2.1,.099,-1.7,1.0,-0.7,0.3
501,Marvin Williams\willima02,9.7,14.0,0.8,0.6,1.5,.087,-1.6,0.4,-1.2,0.2
501,Marvin Williams\willima02,6.9,8.9,0.2,0.4,0.6,.148,-2.0,3.4,1.4,0.2
502,Robert Williams\williro04,21.5,12.3,0.6,0.8,1.4,.205,-0.6,4.4,3.8,0.5
503,Nigel Williams-Goss\willini01,20.2,15.5,-0.1,0.0,0.0,-0.045,-5.1,1.1,-3.9,0.0
504,Zion Williamson\willizi01,12.4,29.6,1.3,0.4,1.8,.149,3.5,-1.1,2.4,0.6
505,D.J. Wilson\wilsodj01,12.5,17.7,-0.2,0.5,0.3,.055,-3.9,0.3,-3.6,-0.1
506,Justise Winslow\winslju01,14.6,20.7,-0.4,0.4,0.0,-0.003,-3.5,-0.1,-3.5,-0.1
507,Christian Wood\woodch01,12.0,23.0,3.6,1.5,5.1,.184,3.5,-0.3,3.1,1.7
508,Delon Wright\wrighde01,13.9,14.8,2.6,1.8,4.3,.148,0.4,2.0,2.4,1.6
509,Justin Wright-Foreman\wrighju02,,0.0,0.0,0.0,0.0,.010,-6.1,-0.9,-7.0,0.0
510,Thaddeus Young\youngth01,13.9,19.7,-0.2,2.1,1.9,.058,-1.4,0.2,-1.1,0.4
511,Trae Young\youngtr01,16.2,34.9,5.4,0.5,5.9,.134,6.3,-2.3,4.0,3.2
512,Cody Zeller\zelleco01,11.9,20.8,2.4,1.2,3.6,.129,0.2,-0.8,-0.6,0.5
513,Ante Žižić\zizican01,11.1,17.5,0.3,0.2,0.5,.106,-1.7,-1.5,-3.2,-0.1
514,Ivica Zubac\zubaciv01,11.8,16.2,3.6,2.0,5.6,.231,1.5,1.0,2.5,1.3